[
    {
        "id": 1,
        "title": "The Great Gatsby",
        "description": "A story of the fabulously wealthy Jay Gatsby and his love for Daisy Buchanan.",
        "cover": "https://picsum.photos/200/300",
        "price": 10.99,
        "discount_price": 8.99,
        "category": "Fiction"
    },
    {
        "id": 2,
        "title": "1984",
        "description": "A dystopian novel set in a totalitarian society ruled by Big Brother.",
        "cover": "https://picsum.photos/200/300",
        "price": 8.99,
        "category": "Science Fiction"
    },
    {
        "id": 3,
        "title": "To Kill a Mockingbird",
        "description": "A novel about the serious issues of rape and racial inequality.",
        "cover": "https://picsum.photos/200/300",
        "price": 12.50,
        "category": "Fiction"
    },
    {
        "id": 4,
        "title": "The Catcher in the Rye",
        "description": "The experiences of a young boy who leaves his boarding school to wander New York City.",
        "cover": "https://picsum.photos/200/300",
        "price": 9.75,
        "discount_price": 7.99,
        "category": "Fiction"
    },
    {
        "id": 5,
        "title": "This Side of Paradise",
        "description": "F. Scott Fitzgerald's debut novel explores themes of love, wealth, and social stratification in the Jazz Age.",
        "cover": "https://picsum.photos/200/300",
        "price": 12.49,
        "category": "Fiction"
    },
    {
        "id": 6,
        "title": "The Sun Also Rises",
        "description": "Ernest Hemingway's novel captures the disillusionment and hedonism of the Lost Generation following World War I.",
        "cover": "https://picsum.photos/200/300",
        "price": 9.99,
        "category": "Historical Fiction"
    },
    {
        "id": 7,
        "title": "Tender Is the Night",
        "description": "Another F. Scott Fitzgerald novel following a psychiatrist and his wealthy wife navigating high society, with themes of love, loss, and societal decay.",
        "cover": "https://picsum.photos/200/300",
        "price": 13.99,
        "discount_price": 10.99,
        "category": "Fiction"
    },
    {
        "id": 8,
        "title": "Brave New World",
        "description": "A dystopian social science fiction novel by Aldous Huxley.",
        "cover": "https://picsum.photos/200/300",
        "price": 11.99,
        "discount_price": 9.99,
        "category": "Science Fiction"
    },
    {
        "id": 9,
        "title": "The Art of War",
        "description": "An ancient Chinese military treatise attributed to Sun Tzu.",
        "cover": "https://picsum.photos/200/300",
        "price": 6.99,
        "category": "Non-Fiction"
    },
    {
        "id": 10,
        "title": "The Hobbit",
        "description": "A fantasy novel and children's book by J.R.R. Tolkien.",
        "cover": "https://picsum.photos/200/300",
        "price": 14.99,
        "discount_price": 12.99,
        "category": "Fantasy"
    },
    {
        "id": 11,
        "title": "Cosmos",
        "description": "A popular science book by Carl Sagan.",
        "cover": "https://picsum.photos/200/300",
        "price": 15.99,
        "category": "Non-Fiction"
    },
    {
        "id": 12,
        "title": "The Selfish Gene",
        "description": "A book on evolution by Richard Dawkins.",
        "cover": "https://picsum.photos/200/300",
        "price": 13.50,
        "category": "Science"
    },
    {
        "id": 13,
        "title": "Goodnight Moon",
        "description": "A classic children's bedtime story by Margaret Wise Brown.",
        "cover": "https://picsum.photos/200/300",
        "price": 5.99,
        "category": "Children's Books"
    },
    {
        "id": 14,
        "title": "Charlotte's Web",
        "description": "A children's novel by E. B. White about the friendship between a pig and a spider.",
        "cover": "https://picsum.photos/200/300",
        "price": 7.99,
        "category": "Children's Books"
    },
    {
        "id": 15,
        "title": "The Road",
        "description": "A post-apocalyptic novel by Cormac McCarthy.",
        "cover": "https://picsum.photos/200/300",
        "price": 11.49,
        "category": "Post-Apocalyptic"
    }
]
